loss,kl,elbo,alpha
1349.902,3.304858,1349.9285,0.008
1841.7141,8.771598,1841.7843,0.008
1106.6278,12.499899,1106.7278,0.008
1710.2056,21.343933,1710.3763,0.008
893.2335,32.86611,893.49646,0.008
1054.3533,48.86348,1054.7441,0.008
1120.8982,56.523476,1121.3503,0.008
1382.5714,87.28409,1383.2697,0.008
728.2834,159.725,729.56116,0.008
1316.7994,284.39697,1319.0746,0.008
2171.3215,421.8918,2174.6968,0.008
1323.2417,475.49426,1327.0457,0.008
807.4126,1167.5029,816.7526,0.008
636.64465,1519.6199,648.80164,0.008
1617.8492,740.324,1623.7719,0.008
1277.7874,564.7387,1282.3053,0.008
631.41174,622.40894,636.391,0.008
80.73763,510.81876,84.82418,0.008
1260.5663,137.02986,1261.6625,0.008
1371.503,96.32219,1372.2737,0.008
2085.072,83.61659,2085.741,0.008
1045.578,72.78056,1046.1603,0.008
1964.5599,83.97685,1965.2318,0.008
272.70074,95.31295,273.46326,0.008
299.59033,89.77488,300.30853,0.008
981.36835,94.417496,982.12366,0.008
434.29343,75.38051,434.89648,0.008
1225.1917,51.176346,1225.6011,0.008
1460.3147,73.39629,1460.9019,0.008
1936.5674,73.85068,1937.1582,0.008
1835.1271,68.04678,1835.6715,0.008
1529.3777,87.06535,1530.0742,0.008
739.09814,105.88955,739.94525,0.008
1094.2302,157.4235,1095.4896,0.008
1397.5924,126.99313,1398.6084,0.008
1609.1318,98.54581,1609.9202,0.008
1472.8058,116.0912,1473.7345,0.008
1723.7365,125.01915,1724.7366,0.008
2137.0356,66.74707,2137.5696,0.008
1344.0007,112.93774,1344.9042,0.008
825.5816,95.2873,826.3439,0.008
1416.0464,96.14697,1416.8156,0.008
1005.026,92.87007,1005.769,0.008
1328.1399,104.53249,1328.9762,0.008
1743.2512,77.80092,1743.8737,0.008
117.9048,122.937256,118.8883,0.008
1674.0913,92.491745,1674.8313,0.008
1923.8354,95.26951,1924.5977,0.008
1041.33,92.25506,1042.068,0.008
1190.0352,101.330696,1190.8458,0.008
1013.3012,98.09598,1014.086,0.008
648.4794,94.525185,649.2356,0.008
914.95325,101.38933,915.76434,0.008
2165.373,89.67649,2166.0906,0.008
1326.4263,104.633575,1327.2633,0.008
1513.8105,101.36084,1514.6215,0.008
2081.5935,80.15262,2082.2346,0.008
2221.225,100.5062,2222.029,0.008
1623.8123,104.244675,1624.6462,0.008
724.839,99.56109,725.6355,0.008
687.2608,143.3924,688.40796,0.008
606.21423,142.14595,607.3514,0.008
651.91693,133.53812,652.9852,0.008
925.7902,195.16101,927.3515,0.008
1241.2847,149.72743,1242.4825,0.008
988.1072,163.29524,989.4135,0.008
1361.8739,143.14453,1363.019,0.008
1232.2922,149.3918,1233.4874,0.008
1735.906,148.55005,1737.0944,0.008
682.82916,191.92493,684.36456,0.008
838.42773,180.79797,839.87415,0.008
901.8091,176.71638,903.22284,0.008
1501.4828,153.38777,1502.7098,0.008
1182.202,174.08707,1183.5947,0.008
1039.5779,162.17456,1040.8752,0.008
1754.4,138.07428,1755.5046,0.008
576.5724,168.90677,577.92365,0.008
1559.8418,169.00545,1561.1938,0.008
914.82513,164.99655,916.1451,0.008
1303.992,163.89322,1305.3031,0.008
853.2256,168.11948,854.57056,0.008
1286.2695,177.95071,1287.6931,0.008
271.3569,175.67163,272.76227,0.008
1360.5115,165.74617,1361.8374,0.008
1384.2103,172.38582,1385.5894,0.008
413.89755,137.51274,414.99765,0.008
628.8786,177.36438,630.29755,0.008
1250.431,175.27657,1251.8333,0.008
1788.7435,183.03351,1790.2078,0.008
205.2085,150.63496,206.41357,0.008
843.71155,178.1573,845.1368,0.008
1181.2448,188.00938,1182.7488,0.008
1337.7006,171.12737,1339.0696,0.008
1706.3832,180.68936,1707.8287,0.008
419.39542,162.79407,420.69775,0.008
1479.8458,177.73715,1481.2677,0.008
1947.3739,184.97601,1948.8538,0.008
1061.5728,178.7017,1063.0023,0.008
859.30194,170.95294,860.66956,0.008
1311.9934,176.6438,1313.4066,0.008
881.70856,192.29619,883.24695,0.008
851.42676,154.38216,852.6618,0.008
740.53827,168.95177,741.8899,0.008
1247.393,178.7138,1248.8226,0.008
1265.0542,186.13211,1266.5432,0.008
1256.71,177.92357,1258.1333,0.008
884.16595,164.24907,885.4799,0.008
1140.8104,189.21884,1142.3242,0.008
607.27356,170.06396,608.6341,0.008
1089.0417,207.14603,1090.699,0.008
2148.0996,194.63712,2149.6567,0.008
2321.194,203.46213,2322.8218,0.008
1303.8237,210.88483,1305.5109,0.008
1182.6133,208.25656,1184.2793,0.008
952.1006,204.76085,953.73865,0.008
899.5552,167.86696,900.89813,0.008
1102.3907,211.16681,1104.0801,0.008
1364.5095,215.90099,1366.2367,0.008
1086.0884,212.37744,1087.7874,0.008
603.92065,188.43036,605.4281,0.008
1014.9879,168.08228,1016.3326,0.008
1225.4568,221.1354,1227.2258,0.008
539.22644,159.84283,540.5052,0.008
1243.1572,207.64777,1244.8184,0.008
985.2887,189.13498,986.80176,0.008
1139.001,178.7286,1140.4308,0.008
1597.659,202.93626,1599.2826,0.008
1172.8544,190.75172,1174.3804,0.008
1099.8591,180.61502,1101.3041,0.008
933.7682,181.81097,935.22266,0.008
542.7246,167.59354,544.06537,0.008
992.2294,188.50586,993.7374,0.008
1249.4403,189.49739,1250.9563,0.008
1687.7197,188.42503,1689.2272,0.008
1746.0496,210.78958,1747.7358,0.008
1963.6989,225.28967,1965.5012,0.008
1750.3096,214.13013,1752.0226,0.008
215.49748,169.83316,216.85614,0.008
1100.4762,215.18854,1102.1978,0.008
983.6283,192.53333,985.1686,0.008
504.19748,200.79105,505.8038,0.008
1149.4242,203.62967,1151.0532,0.008
1857.1255,221.63643,1858.8986,0.008
1032.1211,217.45663,1033.8607,0.008
1987.0137,221.6091,1988.7865,0.008
647.4622,205.54044,649.10657,0.008
782.4819,203.42337,784.10925,0.008
354.5746,209.97108,356.25436,0.008
741.17694,228.15607,743.0022,0.008
1262.2661,226.59413,1264.0789,0.008
1389.251,221.53984,1391.0233,0.008
1362.9392,211.01271,1364.6273,0.008
1730.7307,225.75293,1732.5367,0.008
1337.6951,206.48135,1339.3469,0.008
849.8004,209.34578,851.47516,0.008
836.65985,208.73169,838.3297,0.008
699.3513,205.38069,700.9944,0.008
751.5639,216.90546,753.29913,0.008
1429.3154,212.9505,1431.019,0.008
502.59445,189.17375,504.10785,0.008
893.099,213.42516,894.8064,0.008
701.59875,215.30878,703.3212,0.008
1407.0696,219.05513,1408.822,0.008
1230.1646,205.40907,1231.8079,0.008
647.7279,208.17273,649.3933,0.008
1150.3247,213.84584,1152.0355,0.008
722.2574,201.96811,723.8731,0.008
541.6584,181.7026,543.112,0.008
435.27423,190.78096,436.80048,0.008
1714.9485,202.547,1716.5688,0.008
572.1033,183.46384,573.571,0.008
1029.371,196.51071,1030.9431,0.008
1191.4171,191.93896,1192.9526,0.008
529.0704,198.3362,530.65704,0.008
733.0022,209.87961,734.6812,0.008
1003.493,215.6383,1005.2181,0.008
1102.1515,225.77307,1103.9576,0.008
934.5767,204.72186,936.2145,0.008
1432.5173,222.07886,1434.294,0.008
1434.9417,235.25969,1436.8237,0.008
1463.8411,235.89438,1465.7283,0.008
1480.5013,246.38535,1482.4724,0.008
1076.4436,204.98375,1078.0835,0.008
930.65894,205.83414,932.3056,0.008
891.71155,202.96436,893.33527,0.008
628.29425,194.03777,629.84656,0.008
1237.0618,231.07747,1238.9104,0.008
445.76642,210.36043,447.4493,0.008
908.1439,213.0423,909.84827,0.008
1147.2876,247.4992,1149.2676,0.008
907.9247,219.30556,909.67914,0.008
791.40186,221.92162,793.17725,0.008
464.7044,201.85466,466.31924,0.008
1008.5886,225.61646,1010.39355,0.008
1068.5286,218.20113,1070.2742,0.008
1486.2393,237.36789,1488.1382,0.008
1165.617,235.16646,1167.4983,0.008
580.4699,225.10483,582.27075,0.008
1313.3204,232.77676,1315.1826,0.008
181.5473,212.00847,183.24338,0.008
650.64343,206.6177,652.2964,0.008
863.5486,210.84065,865.2353,0.008
1044.7384,211.96573,1046.4341,0.008
724.8312,192.75531,726.3732,0.008
1960.997,237.37332,1962.8959,0.008
1092.4462,221.43513,1094.2177,0.008
411.58798,176.07126,412.99655,0.008
642.073,195.68317,643.6385,0.008
1153.314,201.69955,1154.9276,0.008
898.10645,210.62859,899.7915,0.008
1222.7563,206.1376,1224.4054,0.008
1037.0718,206.83118,1038.7264,0.008
260.12128,190.6638,261.64658,0.008
638.03625,206.3779,639.68726,0.008
454.0454,196.45506,455.61707,0.008
1048.0928,202.91235,1049.7161,0.008
981.5891,204.9047,983.22833,0.008
1146.7104,234.55293,1148.5869,0.008
1384.9052,232.11818,1386.7621,0.008
1261.8302,229.85527,1263.6691,0.008
874.17395,230.16136,876.01526,0.008
680.4894,212.83238,682.192,0.008
1069.3525,217.7603,1071.0946,0.008
1239.8475,234.41064,1241.7228,0.008
1224.0815,221.57059,1225.8541,0.008
568.2897,202.407,569.90894,0.008
1262.1144,230.49649,1263.9584,0.008
904.45374,228.86792,906.28467,0.008
1296.9131,220.75192,1298.6791,0.008
682.0165,217.2532,683.7545,0.008
1013.2942,213.59427,1015.0029,0.008
909.985,205.75146,911.631,0.008
1200.4265,183.60071,1201.8953,0.008
1075.1198,186.55644,1076.6122,0.008
1548.3381,222.68106,1550.1196,0.008
1762.1113,232.7441,1763.9733,0.008
1017.0196,225.25267,1018.8216,0.008
557.74316,199.48907,559.33905,0.008
700.7481,214.84564,702.46686,0.008
433.12766,219.38144,434.88272,0.008
697.0151,190.304,698.53754,0.008
1108.1746,215.72113,1109.9004,0.008
627.7381,217.69687,629.4797,0.008
1020.1273,202.12434,1021.7443,0.008
778.92114,192.42545,780.4606,0.008
902.14246,199.37326,903.7374,0.008
1051.9702,209.67499,1053.6476,0.008
1449.8723,214.19174,1451.5858,0.008
1352.2622,205.07341,1353.9028,0.008
1183.6167,206.95386,1185.2723,0.008
1076.5728,200.73308,1078.1786,0.008
793.033,179.79028,794.4713,0.008
1269.7202,204.1171,1271.3531,0.008
1647.7168,229.27417,1649.551,0.008
1605.2096,205.99707,1606.8575,0.008
840.89087,184.80783,842.3693,0.008
167.9532,166.98822,169.28911,0.008
1545.2963,212.23972,1546.9941,0.008
1014.1637,208.29916,1015.8301,0.008
1402.7605,195.2217,1404.3223,0.008
935.9382,201.68695,937.5517,0.008
1101.7292,207.01276,1103.3854,0.008
2188.5432,213.6242,2190.2522,0.008
1023.5879,196.56235,1025.1604,0.008
1723.2874,196.84297,1724.862,0.008
553.48035,188.01218,554.98444,0.008
401.272,177.39761,402.6912,0.008
960.52216,211.75087,962.2162,0.008
760.02686,195.89426,761.594,0.008
778.0855,210.76219,779.7716,0.008
1516.5884,215.8052,1518.3148,0.008
605.577,179.48407,607.0129,0.008
932.22485,199.90857,933.8241,0.008
591.99243,179.2796,593.4267,0.008
642.04474,174.89139,643.44385,0.008
625.1299,184.09071,626.6026,0.008
1772.7999,216.52916,1774.5321,0.008
1447.5889,215.27892,1449.3112,0.008
263.3613,179.22871,264.79514,0.008
836.1673,199.98639,837.7672,0.008
1038.0667,210.62189,1039.7516,0.008
1549.095,246.05032,1551.0634,0.008
375.2871,197.0703,376.86368,0.008
755.8451,208.03418,757.50934,0.008
858.62415,218.09561,860.3689,0.008
713.8008,197.32065,715.37933,0.008
1569.1785,220.4555,1570.9421,0.008
478.52087,199.15735,480.11414,0.008
2090.0374,240.56152,2091.962,0.008
946.68384,215.83232,948.4105,0.008
809.9297,208.30807,811.5961,0.008
411.9966,187.74338,413.49857,0.008
973.6282,224.27031,975.42236,0.008
990.0304,209.54045,991.7067,0.008
875.46075,189.91905,876.9801,0.008
1118.5486,201.2381,1120.1584,0.008
1171.1272,212.61755,1172.8281,0.008
1348.9962,201.46808,1350.6079,0.008
1185.4658,208.8212,1187.1364,0.008
1755.1367,219.9903,1756.8966,0.008
1284.833,217.23965,1286.5709,0.008
1683.6787,234.72311,1685.5565,0.008
908.5376,196.21774,910.10736,0.008
886.93604,214.36824,888.651,0.008
853.66785,193.92674,855.21924,0.008
151.36687,173.34048,152.75359,0.008
848.70374,194.2658,850.2579,0.008
596.2536,199.47891,597.8494,0.008
1053.0957,225.3924,1054.8988,0.008
1025.1113,211.03629,1026.7996,0.008
769.9812,196.55104,771.5536,0.008
801.18274,200.28154,802.785,0.008
606.4159,189.49191,607.9318,0.008
375.3311,173.55586,376.71954,0.008
1135.1577,204.9272,1136.7971,0.008
1562.3584,215.5321,1564.0826,0.008
1140.307,223.35379,1142.0939,0.008
837.18646,175.17145,838.5878,0.008
911.11456,212.9387,912.81805,0.008
938.0802,191.34337,939.61096,0.008
1009.70013,221.23575,1011.47003,0.008
834.70496,194.6413,836.2621,0.008
175.08792,159.98679,176.36781,0.008
1190.8019,195.37425,1192.3649,0.008
1088.6495,231.67659,1090.5029,0.008
1727.1938,239.64604,1729.111,0.008
371.88187,173.55923,373.27036,0.008
1041.7195,221.22537,1043.4893,0.008
918.87726,195.72536,920.44305,0.008
1382.3411,209.2952,1384.0154,0.008
853.432,185.32635,854.9146,0.008
1277.3544,228.30042,1279.1808,0.008
1697.8372,242.29704,1699.7755,0.008
867.06573,208.87299,868.7367,0.008
1292.5798,226.33087,1294.3905,0.008
636.51404,201.48912,638.126,0.008
948.2521,223.18054,950.03754,0.008
860.12,242.7879,862.0623,0.008
1103.0485,253.71466,1105.0781,0.008
669.8025,215.29726,671.52484,0.008
727.3462,233.60306,729.215,0.008
896.03296,222.91844,897.8163,0.008
591.2967,217.70905,593.0384,0.008
778.5276,233.45058,780.3952,0.008
1470.3307,251.70401,1472.3444,0.008
1425.4214,248.86246,1427.4122,0.008
887.0734,242.02057,889.0096,0.008
1114.0088,251.17604,1116.0182,0.008
602.5216,226.5741,604.3342,0.008
563.11066,236.53027,565.00287,0.008
870.7883,235.03221,872.6686,0.008
529.5036,231.83829,531.35834,0.008
1351.7653,241.5765,1353.6979,0.008
886.59375,233.77156,888.4639,0.008
520.7325,211.7021,522.4261,0.008
1365.7074,255.61653,1367.7523,0.008
906.5464,241.71254,908.4801,0.008
802.08704,223.36371,803.87396,0.008
856.6913,221.84189,858.466,0.008
1065.1147,235.75104,1067.0007,0.008
1159.6257,239.22438,1161.5396,0.008
880.84283,229.86243,882.68176,0.008
776.5952,231.17194,778.4446,0.008
1740.9053,250.74667,1742.9113,0.008
195.63081,192.14777,197.168,0.008
1099.0087,244.76537,1100.9668,0.008
932.27496,237.5095,934.17505,0.008
895.4952,216.32724,897.22577,0.008
1041.1276,221.30325,1042.898,0.008
1124.0131,236.46915,1125.9048,0.008
1289.2847,226.5873,1291.0974,0.008
921.60596,221.58554,923.37866,0.008
662.1742,217.96686,663.9179,0.008
1034.4048,226.31284,1036.2153,0.008
1142.3035,243.27646,1144.2496,0.008
1036.5131,230.03172,1038.3533,0.008
599.6028,222.73325,601.38464,0.008
1698.3639,253.86055,1700.3948,0.008
414.91254,197.59634,416.49332,0.008
956.27734,222.12418,958.0543,0.008
1650.1935,234.61508,1652.0704,0.008
844.8425,207.20874,846.5002,0.008
965.3083,238.93497,967.2198,0.008
1646.0288,245.37738,1647.9918,0.008
1609.8358,233.1448,1611.7009,0.008
601.4921,208.07622,603.15674,0.008
267.76147,204.299,269.39587,0.008
1074.8126,222.70146,1076.5942,0.008
746.7878,212.34573,748.4866,0.008
744.35046,221.18968,746.12,0.008
712.1573,192.89186,713.70044,0.008
1458.4731,249.09178,1460.4658,0.008
371.90515,169.89357,373.2643,0.008
1072.6099,228.54265,1074.4382,0.008
707.5098,219.39435,709.26495,0.008
917.1099,211.36584,918.80084,0.008
794.7672,208.73483,796.4371,0.008
201.51357,155.36678,202.7565,0.008
413.66415,169.37495,415.01917,0.008
1085.2457,194.85193,1086.8046,0.008
589.83154,188.3381,591.33826,0.008
829.30707,205.28394,830.94934,0.008
855.0708,193.56807,856.6193,0.008
1516.1118,210.57635,1517.7964,0.008
1259.1917,220.5805,1260.9563,0.008
559.1753,182.5829,560.636,0.008
1437.4117,230.89372,1439.2589,0.008
1521.4437,229.15189,1523.277,0.008
1121.9763,211.99516,1123.6722,0.008
790.8562,220.5542,792.6206,0.008
470.167,213.46176,471.8747,0.008
1900.1523,249.21649,1902.1461,0.008
1020.52576,234.7074,1022.40344,0.008
939.0058,223.06155,940.7903,0.008
942.16394,220.90584,943.9312,0.008
748.0801,212.47025,749.77985,0.008
1436.5712,245.74704,1438.5371,0.008
926.9232,226.98521,928.7391,0.008
719.57153,212.42001,721.2709,0.008
1422.5685,266.8374,1424.7031,0.008
661.233,233.0142,663.0971,0.008
859.5278,227.02121,861.34393,0.008
821.5547,216.81723,823.28925,0.008
1324.6165,236.82959,1326.5111,0.008
829.33936,210.49341,831.0233,0.008
1117.605,245.34549,1119.5677,0.008
1509.6617,246.36627,1511.6327,0.008
1103.602,219.04437,1105.3544,0.008
748.32404,222.95798,750.1077,0.008
518.5548,192.65216,520.096,0.008
290.49274,203.10558,292.11758,0.008
1133.8478,236.53403,1135.74,0.008
615.3088,188.7081,616.8184,0.008
337.8491,191.50793,339.38116,0.008
1199.802,234.33862,1201.6768,0.008
1306.3123,222.37535,1308.0913,0.008
894.6046,205.97073,896.2524,0.008
852.8368,208.98817,854.50867,0.008
1485.2887,230.05962,1487.1292,0.008
1079.514,225.2635,1081.3162,0.008
980.14996,234.68286,982.0274,0.008
707.1114,212.81847,708.81396,0.008
272.9486,196.25209,274.51862,0.008
1527.2183,231.3475,1529.0691,0.008
945.7444,218.96494,947.4961,0.008
1066.2405,220.5024,1068.0045,0.008
1749.7181,258.83325,1751.7888,0.008
1279.905,239.97784,1281.8248,0.008
787.54956,200.2221,789.15137,0.008
1045.0166,205.78912,1046.663,0.008
887.31885,235.67169,889.2042,0.008
931.4263,223.2677,933.2124,0.008
1278.853,246.5787,1280.8257,0.008
623.5432,222.81116,625.3257,0.008
577.28,204.83188,578.9187,0.008
439.87985,197.53229,441.4601,0.008
1499.2471,250.81122,1501.2535,0.008
857.77246,225.87572,859.57947,0.008
597.744,220.92038,599.51135,0.008
1177.5408,233.11066,1179.4056,0.008
691.92004,209.67749,693.5975,0.008
834.26074,222.8703,836.0437,0.008
1069.3647,244.24135,1071.3187,0.008
492.3266,200.37029,493.92957,0.008
638.6654,207.18167,640.3229,0.008
1221.4282,256.38474,1223.4792,0.008
797.60315,214.66193,799.32043,0.008
1781.4266,271.384,1783.5977,0.008
1090.1311,243.81007,1092.0815,0.008
925.9016,225.99165,927.70953,0.008
591.9886,218.8171,593.73914,0.008
709.19556,217.77025,710.93774,0.008
939.1631,242.17407,941.10046,0.008
1286.0222,267.41592,1288.1615,0.008
724.0633,214.78421,725.78156,0.008
801.0523,223.0641,802.8368,0.008
511.3473,188.77612,512.8575,0.008
344.24866,194.60623,345.8055,0.008
747.09546,223.27147,748.88165,0.008
796.7046,211.70468,798.39825,0.008
944.15106,220.42795,945.9145,0.008
624.2256,203.31863,625.8521,0.008
923.3158,224.46883,925.1116,0.008
1984.4445,263.2975,1986.5508,0.008
825.17883,232.937,827.04236,0.008
1113.347,225.09737,1115.1478,0.008
853.5006,205.10226,855.1414,0.008
531.02454,210.12976,532.70557,0.008
1219.103,243.30853,1221.0494,0.008
1215.0134,225.7288,1216.8192,0.008
1357.6965,239.64392,1359.6136,0.008
733.4079,212.90819,735.11115,0.008
1476.6611,242.42024,1478.6005,0.008
832.0239,200.51657,833.62805,0.008
689.5189,205.91824,691.16626,0.008
1098.9847,252.52324,1101.0049,0.008
871.4504,206.1838,873.09985,0.008
812.1949,230.27924,814.0371,0.008
1177.8385,237.0646,1179.735,0.008
867.2096,212.55681,868.91003,0.008
641.0522,200.40494,642.6554,0.008
823.11584,247.19418,825.0934,0.008
715.682,234.77368,717.5602,0.008
813.64325,223.81631,815.4338,0.008
360.45465,191.30856,361.9851,0.008
687.9748,217.69336,689.7164,0.008
1192.614,272.8438,1194.7968,0.008
96.545456,181.3266,97.99607,0.008
566.04895,206.09958,567.69775,0.008
1475.6676,270.73257,1477.8335,0.008
845.47375,219.38347,847.2288,0.008
1358.7045,254.86688,1360.7434,0.008
967.8802,232.8414,969.7429,0.008
538.95245,186.83755,540.44714,0.008
1504.6846,265.56586,1506.8091,0.008
361.24588,205.10135,362.8867,0.008
1243.3643,249.29709,1245.3586,0.008
1488.5653,256.48163,1490.6172,0.008
882.71533,222.79291,884.4977,0.008
779.0276,215.4727,780.75134,0.008
1522.6077,236.38065,1524.4987,0.008
810.7668,220.17197,812.52814,0.008
1586.1736,269.65186,1588.3308,0.008
811.0375,205.88947,812.6846,0.008
1452.1768,259.85663,1454.2556,0.008
1049.4695,258.31357,1051.536,0.008
876.1241,231.23706,877.974,0.008
433.9231,185.12488,435.40408,0.008
729.10504,231.5829,730.9577,0.008
772.9733,219.59482,774.7301,0.008
1310.6506,271.76666,1312.8247,0.008
902.3862,227.01782,904.2024,0.008
1470.1943,240.9119,1472.1216,0.008
1013.97253,241.01431,1015.90063,0.008
832.0847,224.36734,833.87964,0.008
1025.839,228.34235,1027.6658,0.008
1019.0039,245.45674,1020.9676,0.008
554.8179,203.12047,556.4428,0.008
1270.3783,251.3815,1272.3894,0.008
1049.9022,259.0371,1051.9745,0.008
1405.244,287.4718,1407.5438,0.008
646.9211,204.3332,648.5557,0.008
848.81256,225.47191,850.61633,0.008
886.02924,248.81093,888.0197,0.008
899.96423,236.57224,901.8568,0.008
1185.9731,257.39896,1188.0323,0.008
889.57654,246.23303,891.5464,0.008
1364.1361,266.4638,1366.2678,0.008
733.69135,205.63268,735.3364,0.008
869.2413,216.90268,870.9765,0.008
183.47543,189.26276,184.98953,0.008
759.72546,218.79892,761.4758,0.008
1182.1847,260.80548,1184.2711,0.008
1104.965,244.92546,1106.9243,0.008
503.2872,215.7958,505.01358,0.008
1120.5856,255.21585,1122.6273,0.008
641.7756,210.49352,643.45953,0.008
850.5325,227.03975,852.3488,0.008
1415.7296,260.9293,1417.817,0.008
1507.4432,247.06985,1509.4198,0.008
802.53766,225.74367,804.3436,0.008
1115.5521,223.80327,1117.3425,0.008
586.95526,199.06389,588.5478,0.008
575.2672,207.3051,576.92566,0.008
697.9225,228.90926,699.7538,0.008
475.28735,217.26021,477.02542,0.008
1131.6803,234.16916,1133.5537,0.008
946.36145,247.13673,948.33856,0.008
721.8306,218.6123,723.5795,0.008
1067.804,245.08862,1069.7646,0.008
892.29095,243.51181,894.2391,0.008
624.934,229.74933,626.77203,0.008
818.56976,222.0668,820.3463,0.008
1001.39307,241.20123,1003.3227,0.008
1521.5609,257.2382,1523.6188,0.008
640.03485,206.15942,641.68414,0.008
543.0065,217.87358,544.74945,0.008
1164.036,249.29213,1166.0304,0.008
903.76697,248.42944,905.7544,0.008
333.05936,205.56126,334.70386,0.008
1599.6465,262.75223,1601.7485,0.008
653.6797,216.31303,655.4102,0.008
964.7066,227.63168,966.52765,0.008
678.5698,214.03656,680.2821,0.008
818.0603,228.67119,819.88965,0.008
1642.1172,266.96643,1644.2529,0.008
1084.6069,222.17688,1086.3844,0.008
676.2185,222.56747,677.999,0.008
1175.5867,258.4582,1177.6543,0.008
687.3524,204.25317,688.98645,0.008
101.64252,180.0363,103.08281,0.008
590.7314,204.28528,592.36566,0.008
1216.0792,246.9597,1218.0549,0.008
735.0318,206.57573,736.6844,0.008
1044.0984,245.91803,1046.0657,0.008
895.1061,221.37007,896.877,0.008
314.73206,178.08664,316.15674,0.008
1069.0813,224.7717,1070.8795,0.008
675.9789,201.29352,677.58923,0.008
1450.5093,239.42508,1452.4247,0.008
885.95715,220.73676,887.723,0.008
1056.8239,248.21063,1058.8096,0.008
765.6436,220.65608,767.4089,0.008
593.5322,199.12782,595.12524,0.008
741.5248,207.18259,743.18225,0.008
571.9858,194.0896,573.5385,0.008
622.0604,216.7211,623.7942,0.008
1362.749,271.14114,1364.9182,0.008
1643.4832,277.1975,1645.7007,0.008
1214.2192,249.44711,1216.2148,0.008
1272.4354,248.93848,1274.4269,0.008
736.75024,213.57495,738.45886,0.008
614.78784,184.60179,616.26465,0.008
588.16925,208.66248,589.83856,0.008
1640.1401,256.65164,1642.1934,0.008
513.2294,183.77954,514.6996,0.008
1514.7534,244.9885,1516.7134,0.008
1043.1017,257.46173,1045.1614,0.008
967.35144,248.94687,969.343,0.008
997.84515,243.92307,999.7965,0.008
1083.1316,235.66928,1085.017,0.008
1207.1244,246.50461,1209.0964,0.008
479.7256,189.36528,481.2405,0.008
1059.4539,228.28291,1061.2802,0.008
1952.8733,281.02283,1955.1215,0.008
1023.46094,240.09636,1025.3817,0.008
580.21814,226.9508,582.03375,0.008
324.02893,197.81572,325.61145,0.008
1175.6404,255.50272,1177.6844,0.008
1030.6311,245.26279,1032.5933,0.008
770.04987,230.422,771.89325,0.008
1042.637,229.21709,1044.4707,0.008
1062.8026,257.19635,1064.8602,0.008
1086.7935,226.0694,1088.602,0.008
976.7754,235.9709,978.66315,0.008
211.00642,177.83878,212.42914,0.008
452.6673,208.23514,454.3332,0.008
1210.6157,244.28143,1212.57,0.008
703.64575,215.81775,705.3723,0.008
1225.3611,237.03831,1227.2574,0.008
795.1992,220.41382,796.9625,0.008
1968.4558,269.8506,1970.6146,0.008
1258.248,236.3572,1260.1389,0.008
616.0979,212.46225,617.7976,0.008
798.56635,243.34686,800.5131,0.008
385.20264,215.41652,386.92596,0.008
1007.4611,257.35928,1009.52,0.008
654.7299,202.65419,656.35114,0.008
381.53482,180.27756,382.97705,0.008
1604.8419,268.37576,1606.9889,0.008
1075.3413,227.26503,1077.1594,0.008
1244.4316,221.43094,1246.2031,0.008
995.10547,225.44283,996.909,0.008
813.5504,193.72763,815.1002,0.008
883.7416,208.90001,885.4128,0.008
1291.5321,225.16821,1293.3335,0.008
924.5802,224.48534,926.3761,0.008
405.33917,167.16103,406.67645,0.008
784.68384,219.9628,786.44354,0.008
703.63403,235.80539,705.52045,0.008
1175.233,217.84602,1176.9758,0.008
971.0803,226.83176,972.89496,0.008
857.4867,230.2201,859.3284,0.008
1675.8083,256.22958,1677.8582,0.008
712.0215,200.238,713.6234,0.008
1048.582,231.00002,1050.43,0.008
630.94916,219.06825,632.7017,0.008
1101.8594,208.61536,1103.5283,0.008
678.32263,207.23256,679.98047,0.008
336.03125,201.57236,337.64383,0.008
1447.3807,250.05573,1449.3812,0.008
720.0181,190.67897,721.5436,0.008
741.28625,209.367,742.9612,0.008
382.94577,164.11641,384.2587,0.008
715.41846,212.33005,717.1171,0.008
1434.1091,233.15347,1435.9744,0.008
399.44226,179.55798,400.87872,0.008
1303.8804,258.14713,1305.9456,0.008
691.29,199.81305,692.8885,0.008
67.68065,153.82893,68.91128,0.008
862.8319,232.92511,864.6953,0.008
931.9691,207.37805,933.6281,0.008
1079.2347,232.33,1081.0934,0.008
1259.4513,229.13211,1261.2843,0.008
509.2754,180.89133,510.72253,0.008
1350.544,247.82831,1352.5266,0.008
765.3227,243.942,767.27423,0.008
492.87173,203.44865,494.49933,0.008
1898.9436,299.12042,1901.3365,0.008
984.2598,231.8313,986.1145,0.008
846.00946,216.11353,847.73834,0.008
1037.5964,225.55176,1039.4009,0.008
126.78291,157.37979,128.04195,0.008
383.55832,163.09616,384.8631,0.008
690.9175,217.98439,692.6614,0.008
1636.8252,269.3548,1638.98,0.008
1188.1665,246.89507,1190.1417,0.008
1058.9365,240.80406,1060.8629,0.008
454.30862,159.47691,455.58444,0.008
490.72534,166.30394,492.0558,0.008
1315.4095,213.89343,1317.1207,0.008
848.9051,203.95465,850.53674,0.008
1401.3763,265.8437,1403.503,0.008
1155.723,219.24384,1157.4769,0.008
591.34595,194.98608,592.9058,0.008
735.0548,211.77432,736.749,0.008
942.7389,219.33914,944.4936,0.008
990.9105,266.42664,993.04193,0.008
819.58606,224.538,821.3824,0.008
576.15894,184.721,577.6367,0.008
893.2058,263.2511,895.3118,0.008
1081.5162,240.14388,1083.4374,0.008
1082.2086,231.17076,1084.058,0.008
1617.6545,277.64355,1619.8757,0.008
1279.5304,247.74228,1281.5123,0.008
1401.8634,262.05597,1403.9598,0.008
1248.761,250.31561,1250.7635,0.008
1597.7638,259.209,1599.8375,0.008
956.8465,225.09727,958.6473,0.008
1348.467,274.0995,1350.6598,0.008
701.5778,216.98218,703.31366,0.008
1057.3258,260.3913,1059.4089,0.008
871.3108,243.72644,873.2606,0.008
1065.7329,278.65277,1067.9622,0.008
225.33531,187.54138,226.83565,0.008
1362.8462,266.78665,1364.9805,0.008
693.4189,250.0138,695.419,0.008
1017.5753,255.90884,1019.62256,0.008
977.0487,238.65921,978.958,0.008
682.4084,209.05133,684.0808,0.008
689.7468,210.91168,691.43414,0.008
1191.5984,263.498,1193.7064,0.008
537.23975,230.19331,539.0813,0.008
815.3273,247.7341,817.30914,0.008
842.3107,272.15765,844.488,0.008
996.5033,249.91943,998.5026,0.008
935.1573,237.21228,937.055,0.008
797.9308,227.09232,799.7475,0.008
1766.4371,279.99704,1768.6771,0.008
740.1623,224.26773,741.9564,0.008
920.85236,250.99483,922.8603,0.008
1006.4235,260.09518,1008.5043,0.008
1239.3933,246.47232,1241.3651,0.008
621.28467,234.1617,623.15796,0.008
240.01949,187.08224,241.51614,0.008
509.2147,203.12698,510.83972,0.008
1028.4359,244.64539,1030.3931,0.008
1151.724,263.22882,1153.8298,0.008
471.23453,217.62051,472.9755,0.008
1302.2639,264.91983,1304.3833,0.008
1142.8146,253.09167,1144.8394,0.008
726.18787,220.04881,727.94824,0.008
168.936,171.5743,170.3086,0.008
1093.892,210.21625,1095.5737,0.008
406.21353,176.69363,407.62708,0.008
373.8143,156.99417,375.07025,0.008
1162.8492,222.1813,1164.6267,0.008
1514.841,263.39117,1516.9481,0.008
730.1108,194.8719,731.66974,0.008
909.0316,225.05234,910.83203,0.008
869.9339,216.48463,871.6658,0.008
732.39307,211.94246,734.0886,0.008
1108.9973,214.94748,1110.7169,0.008
402.73135,174.78595,404.12964,0.008
309.78677,185.68434,311.27225,0.008
615.41876,212.83684,617.12146,0.008
699.5801,227.61472,701.401,0.008
633.08777,205.69919,634.73334,0.008
1341.718,287.1157,1344.0149,0.008
724.8879,206.17947,726.5373,0.008
790.1672,214.98491,791.8871,0.008
774.1764,227.40408,775.9956,0.008
1587.1382,253.57034,1589.1667,0.008
1099.9318,231.05194,1101.7802,0.008
1800.2771,315.10504,1802.798,0.008
594.00146,211.18306,595.6909,0.008
925.36536,228.22429,927.19116,0.008
1166.5067,262.42404,1168.6061,0.008
843.5578,252.44797,845.5774,0.008
1046.4574,260.8862,1048.5444,0.008
1030.5598,291.74518,1032.8938,0.008
1323.2511,259.18732,1325.3246,0.008
879.71875,270.3585,881.8816,0.008
395.779,199.70059,397.3766,0.008
926.20734,211.80696,927.9018,0.008
1200.8318,290.19864,1203.1533,0.008
747.0644,254.31271,749.0989,0.008
595.84314,260.77686,597.9294,0.008
862.4617,268.05234,864.6061,0.008
55.15868,160.22395,56.44047,0.008
716.6918,276.50174,718.9038,0.008
466.43286,250.75887,468.43893,0.008
145.21196,180.0722,146.65254,0.008
861.15643,237.38177,863.0555,0.008
432.11475,179.35577,433.5496,0.008
1227.8469,291.69934,1230.1805,0.008
549.89734,212.01602,551.59344,0.008
1729.4719,271.18033,1731.6414,0.008
1455.5728,273.7492,1457.7627,0.008
947.10254,217.43436,948.84204,0.008
246.33844,170.20535,247.70009,0.008
1398.4171,278.81067,1400.6476,0.008
392.3291,152.8453,393.55185,0.008
1241.0679,279.2279,1243.3016,0.008
1462.353,257.51306,1464.4131,0.008
908.7493,213.20163,910.45496,0.008
658.6403,190.42853,660.16376,0.008
298.53253,166.9378,299.86804,0.008
918.54517,198.76624,920.1353,0.008
605.2177,186.70102,606.7113,0.008
855.2189,215.6399,856.944,0.008
1005.448,214.30312,1007.1624,0.008
796.029,264.66568,798.1463,0.008
662.191,218.1094,663.93585,0.008
977.4895,197.11362,979.0664,0.008
1027.4541,213.2397,1029.16,0.008
442.15396,208.65765,443.8232,0.008
689.413,239.2709,691.3272,0.008
1022.64294,229.35951,1024.4778,0.008
1310.2446,261.38187,1312.3357,0.008
891.9141,244.07135,893.8667,0.008
2346.1929,351.48706,2349.005,0.008
517.6181,216.75139,519.3521,0.008
1049.1917,247.92969,1051.175,0.008
970.9078,245.50453,972.8718,0.008
412.38995,233.48996,414.25787,0.008
1402.9701,263.51678,1405.0782,0.008
1322.7327,293.64197,1325.0818,0.008
885.677,233.96062,887.5487,0.008
1011.8253,248.14038,1013.8104,0.008
685.87146,240.2461,687.79346,0.008
1485.9932,332.05124,1488.6495,0.008
1493.2043,289.44437,1495.5199,0.008
1125.7711,304.83478,1128.2098,0.008
936.31866,244.2784,938.2729,0.008
256.57123,214.62885,258.28827,0.008
1400.5625,327.4397,1403.182,0.008
871.3867,237.20831,873.28436,0.008
911.6806,223.62233,913.4696,0.008
427.4229,206.76538,429.07703,0.008
667.00574,213.98126,668.7176,0.008
1176.5266,284.56604,1178.8031,0.008
837.45917,243.54626,839.40753,0.008
656.593,212.42984,658.2925,0.008
781.22943,220.17703,782.99084,0.008
508.7865,218.25964,510.53256,0.008
1162.241,269.20325,1164.3947,0.008
406.28375,185.08289,407.7644,0.008
1637.4551,284.6399,1639.7322,0.008
1181.0814,279.08066,1183.3141,0.008
613.109,199.69269,614.70654,0.008
1035.2073,254.34657,1037.2421,0.008
729.43353,237.04277,731.3299,0.008
765.6376,224.797,767.436,0.008
562.86615,209.08176,564.5388,0.008
506.15747,214.77032,507.87564,0.008
481.49896,217.87582,483.24197,0.008
770.57227,247.2306,772.5501,0.008
864.17523,209.90814,865.8545,0.008
1052.9799,209.2074,1054.6536,0.008
269.0802,176.23572,270.49008,0.008
390.29572,164.08809,391.60843,0.008
916.1256,221.21545,917.8953,0.008
2098.293,291.28613,2100.6233,0.008
993.4197,215.7948,995.14606,0.008
1108.2168,226.91742,1110.0321,0.008
551.6962,212.41121,553.3955,0.008
1227.7338,274.31967,1229.9283,0.008
1409.2362,268.7809,1411.3865,0.008
836.13446,236.55273,838.02686,0.008
678.1256,228.70572,679.95526,0.008
1312.6427,262.5746,1314.7433,0.008
1555.2473,267.58066,1557.388,0.008
786.5284,254.00932,788.5605,0.008
807.38586,241.53873,809.3182,0.008
871.98224,250.1055,873.9831,0.008
909.1718,255.47203,911.2156,0.008
828.3639,239.40288,830.2791,0.008
695.02,236.16794,696.90936,0.008
1155.5715,315.95844,1158.0992,0.008
266.1339,208.50015,267.8019,0.008
643.891,250.12032,645.89197,0.008
452.96774,213.46997,454.6755,0.008
446.61368,251.53062,448.62592,0.008
541.1821,253.95572,543.21375,0.008
682.6795,247.26784,684.65765,0.008
242.60815,210.80286,244.29457,0.008
1411.3773,307.4212,1413.8367,0.008
823.79443,264.00958,825.9065,0.008
1331.6187,308.94327,1334.0902,0.008
1134.6526,289.70474,1136.9702,0.008
797.1485,253.93112,799.17993,0.008
986.98035,277.0218,989.19653,0.008
704.5867,267.55383,706.7271,0.008
715.7478,221.56906,717.5204,0.008
1383.6974,312.47687,1386.1971,0.008
1172.6442,280.0807,1174.8848,0.008
1317.6797,300.21417,1320.0814,0.008
1498.2559,296.83252,1500.6305,0.008
651.2354,239.351,653.1502,0.008
678.71606,267.10858,680.8529,0.008
1047.4569,261.45245,1049.5486,0.008
1229.9962,274.58163,1232.1929,0.008
743.63995,245.67747,745.60535,0.008
1039.0841,256.8412,1041.1388,0.008
1061.1876,233.1012,1063.0525,0.008
1000.5166,264.54715,1002.633,0.008
1222.0914,256.2427,1224.1414,0.008
648.9395,254.09685,650.9723,0.008
483.17984,199.62552,484.77686,0.008
982.55865,247.85425,984.5415,0.008
866.0504,250.80417,868.0568,0.008
654.61224,222.18672,656.3897,0.008
799.8279,259.33112,801.9025,0.008
331.7201,195.75471,333.28613,0.008
205.61722,197.65,207.19843,0.008
867.8028,261.7182,869.89655,0.008
491.79987,241.55278,493.7323,0.008
1154.8142,268.23392,1156.9601,0.008
1078.6329,261.38617,1080.724,0.008
567.24176,256.05515,569.2902,0.008
1060.4882,254.01498,1062.5203,0.008
573.8645,251.28244,575.87476,0.008
1248.3431,279.2485,1250.5771,0.008
790.4924,235.9783,792.3802,0.008
381.42194,237.57965,383.32257,0.008
1287.8556,285.0025,1290.1356,0.008
572.1232,243.42677,574.0706,0.008
520.4977,203.82022,522.12823,0.008
1427.671,297.55548,1430.0515,0.008
1091.2738,246.56859,1093.2463,0.008
438.34674,210.84586,440.0335,0.008
580.8019,233.60295,582.6707,0.008
844.4158,248.96484,846.4075,0.008
853.35254,234.06229,855.22504,0.008
1337.9424,295.22543,1340.3042,0.008
234.06923,200.46878,235.67297,0.008
752.0807,272.91425,754.264,0.008
1072.0675,265.63376,1074.1926,0.008
1099.7134,281.97144,1101.9691,0.008
384.8599,187.88805,386.363,0.008
1394.7051,281.90405,1396.9603,0.008
1110.3398,286.39206,1112.631,0.008
884.0729,243.43419,886.0203,0.008
262.5569,207.7042,264.2185,0.008
818.9111,244.49089,820.867,0.008
1139.1848,272.86826,1141.3678,0.008
535.6829,188.08539,537.1876,0.008
925.2318,274.0267,927.424,0.008
686.4049,219.14745,688.1581,0.008
1148.9104,259.35773,1150.9852,0.008
940.5586,233.99046,942.43054,0.008
1526.7338,292.14197,1529.0709,0.008
1040.9031,202.90097,1042.5262,0.008
1087.654,237.01184,1089.5502,0.008
607.861,226.14877,609.6702,0.008
1391.5305,283.0628,1393.795,0.008
1076.5796,289.36713,1078.8945,0.008
1137.6992,264.8354,1139.8179,0.008
983.01587,233.08138,984.8805,0.008
344.6286,164.4607,345.94427,0.008
1222.6079,272.1975,1224.7855,0.008
538.41125,220.52917,540.1755,0.008
747.1173,226.50153,748.9293,0.008
1923.5948,335.72318,1926.2806,0.008
1588.0337,299.6754,1590.4312,0.008
1050.3573,267.40353,1052.4966,0.008
470.75848,206.85052,472.4133,0.008
756.84393,246.18169,758.8134,0.008
865.21765,280.8377,867.46436,0.008
465.39697,206.46265,467.04868,0.008
868.5849,262.4638,870.68463,0.008
1096.356,267.2754,1098.4941,0.008
1061.7778,256.28354,1063.8281,0.008
619.55457,242.07632,621.49115,0.008
858.13086,264.66754,860.2482,0.008
1304.734,312.9001,1307.2372,0.008
712.61304,252.95848,714.6367,0.008
732.3832,247.53525,734.36346,0.008
511.9368,218.18842,513.6823,0.008
643.8353,258.3174,645.90186,0.008
716.0651,216.42209,717.7965,0.008
507.1573,215.69862,508.88287,0.008
671.5433,246.48505,673.51514,0.008
396.17862,194.45673,397.73428,0.008
785.67456,205.64235,787.3197,0.008
1558.1713,294.2893,1560.5256,0.008
1232.4723,280.3947,1234.7155,0.008
839.3569,234.3453,841.2316,0.008
921.79675,245.74625,923.7627,0.008
654.1543,206.2279,655.80414,0.008
596.93475,225.74184,598.74066,0.008
1103.8376,259.88626,1105.9167,0.008
770.4142,262.70502,772.5158,0.008
1553.662,277.71033,1555.8837,0.008
1057.0856,253.14273,1059.1107,0.008
381.66464,211.92369,383.36005,0.008
807.88196,228.4754,809.7098,0.008
272.3009,221.6337,274.07397,0.008
722.5185,225.32774,724.3211,0.008
828.26587,224.71745,830.0636,0.008
853.4941,260.38483,855.57715,0.008
1048.6891,230.4599,1050.5327,0.008
762.43677,216.99623,764.1727,0.008
768.5021,241.86871,770.437,0.008
1053.1964,219.6175,1054.9534,0.008
1513.562,270.72415,1515.7278,0.008
1006.2323,224.34048,1008.02704,0.008
766.7201,239.69185,768.63763,0.008
868.9287,230.04929,870.7691,0.008
705.1668,207.33734,706.8255,0.008
632.02167,213.14316,633.7268,0.008
971.53595,228.28029,973.3622,0.008
1096.331,235.36978,1098.214,0.008
861.0505,223.93832,862.842,0.008
861.3299,237.04324,863.22626,0.008
1242.55,266.25177,1244.68,0.008
1014.3296,238.61166,1016.23846,0.008
1105.6978,266.01984,1107.8259,0.008
1287.7994,260.13968,1289.8806,0.008
445.6038,186.16307,447.0931,0.008
719.9382,255.62329,721.98315,0.008
1212.8329,249.5199,1214.8291,0.008
1016.69666,256.64667,1018.7498,0.008
842.34955,262.99606,844.4535,0.008
1115.5103,264.1802,1117.6237,0.008
504.73016,223.91547,506.52148,0.008
574.13513,240.83559,576.0618,0.008
880.12524,260.95285,882.2129,0.008
293.96567,194.76808,295.5238,0.008
911.995,231.97263,913.85077,0.008
716.6135,254.23714,718.6474,0.008
566.0908,225.34988,567.8936,0.008
1664.6809,299.04434,1667.0732,0.008
567.2374,230.65735,569.0827,0.008
737.65204,279.86304,739.8909,0.008
498.01855,227.56787,499.8391,0.008
508.3232,210.01271,510.00333,0.008
757.50055,213.03954,759.2049,0.008
684.4651,242.1001,686.4019,0.008
933.1719,238.96968,935.0836,0.008
982.1443,280.64478,984.38947,0.008
1371.2986,312.88287,1373.8016,0.008
750.4269,245.75793,752.39294,0.008
767.46075,265.91766,769.5881,0.008
650.1571,256.93842,652.2126,0.008
592.6192,267.471,594.759,0.008
912.58514,274.59152,914.78186,0.008
1000.80383,270.3847,1002.9669,0.008
1497.888,327.29938,1500.5063,0.008
1158.1418,284.56488,1160.4183,0.008
651.87286,247.25626,653.8509,0.008
758.3996,236.79138,760.29395,0.008
406.49463,234.02452,408.36682,0.008
663.9122,225.818,665.7187,0.008
1170.7443,302.19427,1173.1619,0.008
907.11847,267.249,909.2565,0.008
382.97455,244.49144,384.93048,0.008
452.0353,217.86133,453.7782,0.008
985.45374,260.59286,987.53845,0.008
1847.4921,342.2416,1850.23,0.008
1006.555,241.31818,1008.48553,0.008
1097.1538,300.65582,1099.5591,0.008
445.01993,235.87097,446.9069,0.008
368.04605,230.08952,369.88678,0.008
894.77625,246.98471,896.75214,0.008
1350.3235,306.0732,1352.7721,0.008
858.39136,264.62253,860.50836,0.008
886.2619,280.53378,888.50616,0.008
791.94434,256.57306,793.99695,0.008
593.7975,257.93674,595.86096,0.008
1353.8982,272.59808,1356.079,0.008
718.2393,220.41602,720.0026,0.008
921.6345,245.35448,923.59735,0.008
747.58154,234.932,749.461,0.008
1212.2152,302.21698,1214.6329,0.008
187.23701,195.27353,188.79921,0.008
1268.2975,273.89206,1270.4886,0.008
775.3329,251.53336,777.34515,0.008
534.8645,217.88821,536.6076,0.008
500.29297,203.84097,501.9237,0.008
1029.0448,275.87158,1031.2518,0.008
533.9022,238.51201,535.8103,0.008
542.3156,276.38556,544.5267,0.008
613.3828,258.359,615.4497,0.008
1100.8335,279.14062,1103.0667,0.008
1150.6655,288.8482,1152.9763,0.008
387.76416,225.26736,389.56628,0.008
974.78955,266.118,976.9185,0.008
663.03705,250.98703,665.0449,0.008
1556.6377,327.31335,1559.2562,0.008
514.5837,247.04755,516.56006,0.008
1389.3369,301.7015,1391.7505,0.008
387.58377,206.17232,389.23315,0.008
919.5735,254.71689,921.6112,0.008
939.89825,262.58765,941.99896,0.008
347.97366,242.24149,349.9116,0.008
614.0134,272.63474,616.1945,0.008
672.00397,257.9381,674.06744,0.008
971.5859,302.03012,974.00214,0.008
521.93805,218.31189,523.6846,0.008
1197.6521,281.45245,1199.9037,0.008
1057.5219,284.01898,1059.794,0.008
1384.5552,262.14673,1386.6523,0.008
802.569,255.8678,804.6159,0.008
569.4633,225.95105,571.27094,0.008
961.76544,255.12585,963.80646,0.008
1030.1359,289.49103,1032.4518,0.008
1328.9478,270.3617,1331.1106,0.008
507.63907,208.47769,509.3069,0.008
1179.0065,260.98105,1181.0944,0.008
1030.7754,235.19919,1032.657,0.008
364.57416,219.84227,366.3329,0.008
741.8765,226.3362,743.6872,0.008
990.8385,270.24744,993.0005,0.008
1224.7805,304.47363,1227.2163,0.008
1063.8043,249.75003,1065.8024,0.008
756.05206,222.1506,757.8293,0.008
1025.3296,243.3321,1027.2762,0.008
1151.4199,283.13974,1153.685,0.008
1381.581,287.27142,1383.8793,0.008
831.1198,234.25793,832.9939,0.008
1001.0776,264.51538,1003.1937,0.008
635.9835,249.18573,637.977,0.008
1181.0969,294.55438,1183.4534,0.008
757.94226,220.95105,759.70984,0.008
719.1972,240.21928,721.11896,0.008
786.34326,238.19296,788.2488,0.008
1338.1234,298.25137,1340.5094,0.008
966.97314,259.91455,969.0525,0.008
1094.6329,271.25018,1096.803,0.008
1234.9513,287.66953,1237.2527,0.008
834.3641,253.55252,836.3925,0.008
620.0113,258.09314,622.07605,0.008
1096.4042,287.13834,1098.7013,0.008
794.1518,233.15788,796.017,0.008
913.95056,261.01736,916.0387,0.008
727.5897,240.96375,729.51746,0.008
865.1055,246.55583,867.078,0.008
214.1997,214.26524,215.91383,0.008
1615.6459,322.40762,1618.2251,0.008
442.1815,213.80124,443.8919,0.008
824.7406,267.44812,826.8802,0.008
1217.9293,276.2831,1220.1395,0.008
880.26996,296.34778,882.64075,0.008
489.44965,248.20847,491.4353,0.008
1103.6683,293.89325,1106.0195,0.008
479.07684,247.95926,481.06052,0.008
963.7171,267.45792,965.85675,0.008
1413.4414,338.0328,1416.1456,0.008
1238.0115,299.45114,1240.4071,0.008
603.96674,247.20963,605.9444,0.008
590.84155,236.52853,592.73376,0.008
595.2629,239.78062,597.18115,0.008
1304.3472,278.0468,1306.5715,0.008
404.62228,244.10733,406.57513,0.008
1145.1003,291.40207,1147.4315,0.008
1427.3665,320.15607,1429.9277,0.008
1214.9199,277.30646,1217.1384,0.008
293.73746,233.36765,295.6044,0.008
1142.843,275.14368,1145.0442,0.008
212.77986,211.63571,214.47295,0.008
1470.0388,299.94452,1472.4384,0.008
597.1746,260.49347,599.25854,0.008
1092.3145,284.62213,1094.5914,0.008
764.3707,237.02762,766.26697,0.008
415.00052,200.35773,416.6034,0.008
640.47296,243.92967,642.4244,0.008
1136.6028,276.00278,1138.8108,0.008
502.58377,220.47076,504.34753,0.008
573.5064,254.75842,575.5445,0.008
339.15372,183.31023,340.6202,0.008
822.6229,230.18495,824.4644,0.008
764.131,227.3941,765.95013,0.008
706.5567,238.42732,708.4641,0.008
1475.3042,266.77325,1477.4384,0.008
408.65598,197.02066,410.23215,0.008
1423.2166,295.96362,1425.5842,0.008
695.4078,250.34052,697.4105,0.008
859.07043,255.49176,861.1144,0.008
822.3678,284.57385,824.6444,0.008
1051.6685,274.23636,1053.8623,0.008
401.27673,229.76195,403.11484,0.008
921.2075,270.36478,923.3704,0.008
757.5764,240.94943,759.504,0.008
1041.1257,248.44583,1043.1133,0.008
715.40533,249.54958,717.40173,0.008
1163.3472,294.3792,1165.7021,0.008
652.607,247.01413,654.5831,0.008
1087.0111,276.16418,1089.2205,0.008
1300.7872,307.7978,1303.2496,0.008
530.2569,229.9292,532.0963,0.008
502.90073,224.06389,504.69324,0.008
607.32666,242.68048,609.2681,0.008
1480.9888,315.07678,1483.5094,0.008
1300.3075,288.6184,1302.6165,0.008
441.95566,202.78699,443.57794,0.008
1510.5336,292.55423,1512.874,0.008
980.96387,286.59955,983.25665,0.008
954.08075,244.49846,956.03674,0.008
439.97333,235.6177,441.85828,0.008
631.3851,212.18951,633.0826,0.008
649.63916,201.33945,651.2499,0.008
1035.2775,245.67772,1037.2429,0.008
1689.6064,319.0344,1692.1587,0.008
593.1853,239.51265,595.1014,0.008
1104.3191,299.75128,1106.717,0.008
913.9871,265.5158,916.11127,0.008
768.277,223.24707,770.0629,0.008
488.57654,208.34442,490.2433,0.008
625.01984,234.46552,626.89557,0.008
831.2074,244.94989,833.167,0.008
1181.5525,257.6369,1183.6135,0.008
327.0853,223.9436,328.87683,0.008
1519.2681,297.99536,1521.652,0.008
981.11835,286.43103,983.4098,0.008
315.29208,212.6265,316.9931,0.008
797.9553,230.50246,799.7993,0.008
715.77576,248.8766,717.7668,0.008
823.55334,249.55003,825.54974,0.008
991.81757,242.46666,993.7573,0.008
761.27966,276.21802,763.4894,0.008
1226.5923,294.24774,1228.9463,0.008
608.9924,206.24014,610.6423,0.008
866.5391,307.02966,868.99536,0.008
1026.2572,282.17288,1028.5145,0.008
464.5015,199.00009,466.0935,0.008
261.8084,224.55725,263.60486,0.008
636.1062,218.8122,637.8567,0.008
1150.2928,274.73486,1152.4907,0.008
707.10126,219.76909,708.85944,0.008
664.5809,236.93756,666.4764,0.008
986.8424,255.8048,988.88885,0.008
802.058,260.8086,804.1445,0.008
1263.4156,267.68808,1265.5571,0.008
1078.4968,276.5665,1080.7094,0.008
630.7121,262.30417,632.81055,0.008
377.4373,210.41669,379.1206,0.008
1679.5916,294.71933,1681.9493,0.008
594.81323,244.94304,596.77277,0.008
1153.5927,269.6289,1155.7496,0.008
1776.8395,312.671,1779.3408,0.008
804.7236,241.4506,806.65515,0.008
1089.7241,303.71765,1092.1538,0.008
844.8931,254.30014,846.92755,0.008
795.6793,271.08588,797.848,0.008
946.94116,264.61703,949.0581,0.008
488.00204,220.87442,489.76904,0.008
705.5476,268.8383,707.6983,0.008
395.648,213.66939,397.35736,0.008
1028.5371,260.02786,1030.6173,0.008
1561.5173,334.6788,1564.1948,0.008
353.84955,212.50302,355.54956,0.008
488.65137,228.2861,490.47766,0.008
1264.1367,312.63455,1266.6378,0.008
636.84937,253.16528,638.8747,0.008
600.4755,237.92519,602.3789,0.008
915.5499,287.97797,917.85376,0.008
845.64075,299.9001,848.04,0.008
948.1338,266.71054,950.26746,0.008
812.70996,266.09006,814.8387,0.008
793.74133,253.30228,795.76776,0.008
722.8613,245.43362,724.82477,0.008
636.26794,207.72769,637.92975,0.008
648.75696,235.9184,650.6443,0.008
878.8113,256.30847,880.86176,0.008
740.9276,249.21196,742.9213,0.008
1373.1091,289.47083,1375.4249,0.008
1181.2166,257.24164,1183.2745,0.008
713.721,233.9205,715.59235,0.008
1086.596,274.84668,1088.7947,0.008
683.05896,257.68,685.1204,0.008
712.19684,245.30455,714.1593,0.008
1088.589,300.04062,1090.9893,0.008
796.4952,253.32391,798.5218,0.008
1001.2157,276.2586,1003.4258,0.008
868.3735,266.3267,870.5041,0.008
465.18335,227.08528,467.00003,0.008
1025.0251,299.34982,1027.4199,0.008
625.3293,266.87823,627.4643,0.008
975.6384,268.72516,977.7882,0.008
638.0643,275.76178,640.2704,0.008
1046.9799,267.1816,1049.1173,0.008
928.056,259.6787,930.1335,0.008
868.13965,279.69568,870.3772,0.008
778.4842,281.13397,780.7333,0.008
1207.9502,253.7958,1209.9806,0.008
682.1823,255.39206,684.22546,0.008
835.49176,286.7409,837.7857,0.008
660.3251,232.00403,662.1811,0.008
847.24243,270.14023,849.40356,0.008
867.13666,295.10913,869.49756,0.008
617.25635,251.68567,619.26984,0.008
788.68146,262.7099,790.78314,0.008
941.53174,276.25742,943.7418,0.008
1704.4996,352.6896,1707.3212,0.008
694.9437,287.44922,697.24335,0.008
532.1196,234.4513,533.99524,0.008
888.2572,299.61115,890.6541,0.008
628.2434,233.62552,630.1124,0.008
889.7318,276.04785,891.9402,0.008
1179.6465,257.25385,1181.7045,0.008
883.0903,246.02003,885.0584,0.008
1149.7377,283.69748,1152.0072,0.008
983.6505,314.00293,986.16254,0.008
867.5052,282.53055,869.76544,0.008
959.72064,285.77917,962.0069,0.008
982.66614,282.81723,984.92865,0.008
526.2599,240.67189,528.18524,0.008
894.7297,273.75156,896.9197,0.008
1530.0028,329.74857,1532.6407,0.008
995.5254,272.88763,997.7085,0.008
735.76196,307.8605,738.22485,0.008
1193.0171,303.4104,1195.4443,0.008
1294.6095,343.6381,1297.3586,0.008
421.40555,218.64778,423.15472,0.008
518.825,264.54263,520.94135,0.008
1385.2692,332.18903,1387.9266,0.008
415.0516,240.0205,416.97177,0.008
138.3059,190.82779,139.83252,0.008
1214.7621,293.56537,1217.1106,0.008
255.45502,192.85684,256.99786,0.008
1272.74,273.27533,1274.9261,0.008
746.72174,242.78926,748.66406,0.008
1155.3962,266.56332,1157.5287,0.008
800.36206,226.32275,802.17267,0.008
859.02954,255.46075,861.07324,0.008
1014.51495,268.0166,1016.65906,0.008
1089.9702,299.37506,1092.3652,0.008
971.45905,254.4764,973.4949,0.008
149.2583,171.2252,150.6281,0.008
1167.0157,273.43054,1169.2032,0.008
739.874,255.74464,741.92,0.008
484.85132,198.13007,486.43637,0.008
587.7005,199.61212,589.2974,0.008
667.5583,187.68579,669.05975,0.008
339.83228,209.55109,341.5087,0.008
1050.7932,261.2911,1052.8835,0.008
916.92346,231.3527,918.7743,0.008
339.5736,213.21881,341.27936,0.008
876.80896,215.80411,878.5354,0.008
1053.1553,262.5368,1055.2556,0.008
785.3038,243.64523,787.2529,0.008
822.5311,224.77658,824.32935,0.008
207.0729,171.2597,208.44298,0.008
1612.2803,287.52924,1614.5806,0.008
1181.7876,245.57552,1183.7522,0.008
974.11926,226.9645,975.935,0.008
990.4926,259.0244,992.5648,0.008
1002.91693,260.8802,1005.00397,0.008
722.0604,263.47842,724.1683,0.008
605.5066,236.1287,607.3956,0.008
935.98267,248.44202,937.9702,0.008
1358.9082,299.6119,1361.305,0.008
386.4393,213.74683,388.14926,0.008
757.303,246.91238,759.27826,0.008
965.125,259.01044,967.1971,0.008
